Year,type,Lake.ID,Lake.name,elevation.m,d13C,d15N,notes
2015,fish,1,NA,3205,-16.25,5.42,"from Symons et al. 2019, Oecologia"
2015,fish,1,NA,3205,-15.84,6.15,"from Symons et al. 2019, Oecologia"
2015,fish,2,NA,3151,-17.99,6.93,"from Symons et al. 2019, Oecologia"
2015,fish,2,NA,3151,-17.13,6.98,"from Symons et al. 2019, Oecologia"
2015,fish,3,NA,2774,-22.48,6.82,"from Symons et al. 2019, Oecologia"
2015,fish,3,NA,2774,-27.15,6.03,"from Symons et al. 2019, Oecologia"
2015,fish,3,NA,2774,-23.28,7.6,"from Symons et al. 2019, Oecologia"
2015,fish,3,NA,2774,-22.73,7.45,"from Symons et al. 2019, Oecologia"
2015,fish,4,NA,2814,-24.43,5.83,"from Symons et al. 2019, Oecologia"
2015,fish,5,NA,2909,-21.55,5.59,"from Symons et al. 2019, Oecologia"
2015,fish,6,NA,3337,-23.46,7.28,"from Symons et al. 2019, Oecologia"
2015,fish,6,NA,3337,-20.03,6.94,"from Symons et al. 2019, Oecologia"
2015,fish,7,NA,2512,-21.62,6.45,"from Symons et al. 2019, Oecologia"
2015,fish,7,NA,2512,-23.24,5.79,"from Symons et al. 2019, Oecologia"
2015,fish,7,NA,2512,-24.19,5.57,"from Symons et al. 2019, Oecologia"
2015,fish,8,NA,3187,-16.65,5.14,"from Symons et al. 2019, Oecologia"
2015,fish,8,NA,3187,-16.27,3.89,"from Symons et al. 2019, Oecologia"
2015,fish,8,NA,3187,-17.73,4.74,"from Symons et al. 2019, Oecologia"
2015,fish,9,NA,3187,-19.16,4.85,"from Symons et al. 2019, Oecologia"
2015,fish,9,NA,3187,-18.34,5.61,"from Symons et al. 2019, Oecologia"
2015,fish,9,NA,3187,-19.95,4.75,"from Symons et al. 2019, Oecologia"
2015,fish,10,NA,2897,-24.32,6.57,"from Symons et al. 2019, Oecologia"
2015,fish,11,NA,3198,-19.3,8.385,"from Symons et al. 2019, Oecologia"
2015,fish,12,NA,3092,-16.79,5.92,"from Symons et al. 2019, Oecologia"
2015,fish,13,NA,3015,-23.27,7.01,"from Symons et al. 2019, Oecologia"
2015,fish,14,NA,2993,-19.65,9.72,"from Symons et al. 2019, Oecologia"
2015,fish,15,NA,2826,-22.19,7.68,"from Symons et al. 2019, Oecologia"
2016,fish,16,NA,2506,-25.32,6.56,"from Symons et al. 2019, Oecologia"
2016,fish,17,NA,2924,-26.42,6.28,"from Symons et al. 2019, Oecologia"
2016,fish,2,NA,3151,-24.12,7.77,"from Symons et al. 2019, Oecologia"
2016,fish,2,NA,3151,-17.24,7.72,"from Symons et al. 2019, Oecologia"
2016,fish,2,NA,3151,-16.92,9.35,"from Symons et al. 2019, Oecologia"
2016,fish,2,NA,3151,-16.02,8.69,"from Symons et al. 2019, Oecologia"
2016,fish,2,NA,3151,-18.96,7.95,"from Symons et al. 2019, Oecologia"
2016,fish,2,NA,3151,-16.98,8.55,"from Symons et al. 2019, Oecologia"
2016,fish,2,NA,3151,-18.15,8.44,"from Symons et al. 2019, Oecologia"
2016,fish,2,NA,3151,-18.21,8.4,"from Symons et al. 2019, Oecologia"
2016,fish,2,NA,3151,-17.14,7.2,"from Symons et al. 2019, Oecologia"
2016,fish,2,NA,3151,-16.83,8.17,"from Symons et al. 2019, Oecologia"
2016,fish,18,NA,3167,-17.25,8.65,"from Symons et al. 2019, Oecologia"
2016,fish,18,NA,3167,-20.85,8.83,"from Symons et al. 2019, Oecologia"
2016,fish,18,NA,3167,-17.07,9.18,"from Symons et al. 2019, Oecologia"
2016,fish,18,NA,3167,-19.1,8.64,"from Symons et al. 2019, Oecologia"
2016,fish,18,NA,3167,-22.42,8.07,"from Symons et al. 2019, Oecologia"
2016,fish,12,NA,3092,-18.46,7.81,"from Symons et al. 2019, Oecologia"
2016,fish,12,NA,3092,-14.98,5.68,"from Symons et al. 2019, Oecologia"
2016,fish,12,NA,3092,-16.86,4.65,"from Symons et al. 2019, Oecologia"
2016,fish,12,NA,3092,-14.98,5.13,"from Symons et al. 2019, Oecologia"
2016,fish,12,NA,3092,-17.38,4.54,"from Symons et al. 2019, Oecologia"
2016,fish,12,NA,3092,-15.1,4.52,"from Symons et al. 2019, Oecologia"
2016,fish,12,NA,3092,-15.32,4.92,"from Symons et al. 2019, Oecologia"
2016,fish,19,NA,3147,-14.38,4.5,"from Symons et al. 2019, Oecologia"
2016,fish,19,NA,3147,-14.38,4.5,"from Symons et al. 2019, Oecologia"
2016,fish,19,NA,3147,-14.38,4.5,"from Symons et al. 2019, Oecologia"
2016,fish,19,NA,3147,-14.38,4.5,"from Symons et al. 2019, Oecologia"
2016,fish,19,NA,3147,-14.38,4.5,"from Symons et al. 2019, Oecologia"
2016,fish,10,NA,2897,-21.47,5.56,"from Symons et al. 2019, Oecologia"
2016,fish,10,NA,2897,-20.55,6.35,"from Symons et al. 2019, Oecologia"
2016,fish,10,NA,2897,-21.77,6.12,"from Symons et al. 2019, Oecologia"
2016,fish,1,NA,3205,-21.57,6.43,"from Symons et al. 2019, Oecologia"
2016,fish,1,NA,3205,-17.67,6.2,"from Symons et al. 2019, Oecologia"
2016,fish,1,NA,3205,-16.57,6.52,"from Symons et al. 2019, Oecologia"
2016,fish,1,NA,3205,-16.46,6.71,"from Symons et al. 2019, Oecologia"
2016,fish,1,NA,3205,-17.02,6.33,"from Symons et al. 2019, Oecologia"
2016,fish,1,NA,3205,-16.04,6.88,"from Symons et al. 2019, Oecologia"
2016,fish,11,NA,3198,-16.73,6.72,"from Symons et al. 2019, Oecologia"
2016,fish,11,NA,3198,-19.29,8.72,"from Symons et al. 2019, Oecologia"
2016,fish,11,NA,3198,-20.37,8.97,"from Symons et al. 2019, Oecologia"
2016,fish,11,NA,3198,-20.81,9.13,"from Symons et al. 2019, Oecologia"
2016,fish,16,NA,2506,-25.92,6.03,"from Symons et al. 2019, Oecologia"
2016,fish,20,NA,2801,-24.7,6.56,"from Symons et al. 2019, Oecologia"
2016,fish,20,NA,2801,-23.62,7.74,"from Symons et al. 2019, Oecologia"
2016,fish,20,NA,2801,-24.08,7.27,"from Symons et al. 2019, Oecologia"
2016,fish,21,NA,2882,-29.34,7.72,"from Symons et al. 2019, Oecologia"
2016,fish,21,NA,2882,-26.24,8.02,"from Symons et al. 2019, Oecologia"
2016,fish,21,NA,2882,-29.35,6.64,"from Symons et al. 2019, Oecologia"
2016,fish,21,NA,2882,-26.03,6.28,"from Symons et al. 2019, Oecologia"
2016,fish,21,NA,2882,-25.06,6.61,"from Symons et al. 2019, Oecologia"
2016,fish,22,NA,2882,-19.72,8.74,"from Symons et al. 2019, Oecologia"
2016,fish,17,NA,2924,-23.27,7.04,"from Symons et al. 2019, Oecologia"
2016,fish,6,NA,3337,-22.02,6.99,"from Symons et al. 2019, Oecologia"
2016,fish,16,NA,2506,-25.32,6.56,"from Symons et al. 2019, Oecologia"
2016,fish,21,NA,2882,-25.7,6.26,"from Symons et al. 2019, Oecologia"
2016,fish,21,NA,2882,-26.75,6.81,"from Symons et al. 2019, Oecologia"
2016,fish,21,NA,2882,-30.46,6.68,"from Symons et al. 2019, Oecologia"
2016,fish,21,NA,2882,-30.95,7.35,"from Symons et al. 2019, Oecologia"
2016,fish,21,NA,2882,-27.62,6.97,"from Symons et al. 2019, Oecologia"
2016,fish,20,NA,2801,-24.7,6.19,"from Symons et al. 2019, Oecologia"
2015,POM,1,NA,3205,-27.33,0.05,"from Symons et al. 2019, Oecologia"
2015,POM,1,NA,3205,-27.33,0.05,"from Symons et al. 2019, Oecologia"
2015,POM,2,NA,3151,-27.4,2.17,"from Symons et al. 2019, Oecologia"
2015,POM,2,NA,3151,-27.4,2.17,"from Symons et al. 2019, Oecologia"
2015,POM,3,NA,2774,-28.2,-0.16,"from Symons et al. 2019, Oecologia"
2015,POM,3,NA,2774,-28.2,-0.16,"from Symons et al. 2019, Oecologia"
2015,POM,3,NA,2774,-28.2,-0.16,"from Symons et al. 2019, Oecologia"
2015,POM,3,NA,2774,-28.2,-0.16,"from Symons et al. 2019, Oecologia"
2015,POM,4,NA,2814,-27.68,1.86,"from Symons et al. 2019, Oecologia"
2015,POM,5,NA,2909,-26.7,1.3,"from Symons et al. 2019, Oecologia"
2015,POM,6,NA,3337,-29.17,0.22,"from Symons et al. 2019, Oecologia"
2015,POM,6,NA,3337,-29.17,0.22,"from Symons et al. 2019, Oecologia"
2015,POM,7,NA,2512,-26.11,3.55,"from Symons et al. 2019, Oecologia"
2015,POM,7,NA,2512,-26.11,3.55,"from Symons et al. 2019, Oecologia"
2015,POM,7,NA,2512,-26.11,3.55,"from Symons et al. 2019, Oecologia"
2015,POM,8,NA,3187,-26.48,-0.3,"from Symons et al. 2019, Oecologia"
2015,POM,8,NA,3187,-26.48,-0.3,"from Symons et al. 2019, Oecologia"
2015,POM,8,NA,3187,-26.48,-0.3,"from Symons et al. 2019, Oecologia"
2015,POM,9,NA,3187,-24.24,0.58,"from Symons et al. 2019, Oecologia"
2015,POM,9,NA,3187,-24.24,0.58,"from Symons et al. 2019, Oecologia"
2015,POM,9,NA,3187,-24.24,0.58,"from Symons et al. 2019, Oecologia"
2015,POM,10,NA,2897,-27.43,-1.38,"from Symons et al. 2019, Oecologia"
2015,POM,11,NA,3198,-19.74,0.78,"from Symons et al. 2019, Oecologia"
2015,POM,12,NA,3092,-21.84,-1.26,"from Symons et al. 2019, Oecologia"
2015,POM,13,NA,3015,-23.97,-0.1,"from Symons et al. 2019, Oecologia"
2015,POM,14,NA,2993,-19.4,0.64,"from Symons et al. 2019, Oecologia"
2015,POM,15,NA,2826,-27.69,0.94,"from Symons et al. 2019, Oecologia"
2016,POM,16,NA,2506,-28.91,-0.56,"from Symons et al. 2019, Oecologia"
2016,POM,17,NA,2924,-30.24,-0.83,"from Symons et al. 2019, Oecologia"
2016,POM,2,NA,3151,-27.4,2.17,"from Symons et al. 2019, Oecologia"
2016,POM,2,NA,3151,-27.4,2.17,"from Symons et al. 2019, Oecologia"
2016,POM,2,NA,3151,-27.4,2.17,"from Symons et al. 2019, Oecologia"
2016,POM,2,NA,3151,-27.4,2.17,"from Symons et al. 2019, Oecologia"
2016,POM,2,NA,3151,-27.4,2.17,"from Symons et al. 2019, Oecologia"
2016,POM,2,NA,3151,-27.4,2.17,"from Symons et al. 2019, Oecologia"
2016,POM,2,NA,3151,-27.4,2.17,"from Symons et al. 2019, Oecologia"
2016,POM,2,NA,3151,-27.4,2.17,"from Symons et al. 2019, Oecologia"
2016,POM,2,NA,3151,-27.4,2.17,"from Symons et al. 2019, Oecologia"
2016,POM,2,NA,3151,-27.4,2.17,"from Symons et al. 2019, Oecologia"
2016,POM,18,NA,3167,-27.35,-1.13,"from Symons et al. 2019, Oecologia"
2016,POM,18,NA,3167,-27.35,-1.13,"from Symons et al. 2019, Oecologia"
2016,POM,18,NA,3167,-27.35,-1.13,"from Symons et al. 2019, Oecologia"
2016,POM,18,NA,3167,-27.35,-1.13,"from Symons et al. 2019, Oecologia"
2016,POM,18,NA,3167,-27.35,-1.13,"from Symons et al. 2019, Oecologia"
2016,POM,12,NA,3092,-21.84,-1.26,"from Symons et al. 2019, Oecologia"
2016,POM,12,NA,3092,-21.84,-1.26,"from Symons et al. 2019, Oecologia"
2016,POM,12,NA,3092,-21.84,-1.26,"from Symons et al. 2019, Oecologia"
2016,POM,12,NA,3092,-21.84,-1.26,"from Symons et al. 2019, Oecologia"
2016,POM,12,NA,3092,-21.84,-1.26,"from Symons et al. 2019, Oecologia"
2016,POM,12,NA,3092,-21.84,-1.26,"from Symons et al. 2019, Oecologia"
2016,POM,12,NA,3092,-21.84,-1.26,"from Symons et al. 2019, Oecologia"
2016,POM,19,NA,3147,-27.17,-0.27,"from Symons et al. 2019, Oecologia"
2016,POM,19,NA,3147,-27.17,-0.27,"from Symons et al. 2019, Oecologia"
2016,POM,19,NA,3147,-27.17,-0.27,"from Symons et al. 2019, Oecologia"
2016,POM,19,NA,3147,-27.17,-0.27,"from Symons et al. 2019, Oecologia"
2016,POM,19,NA,3147,-27.17,-0.27,"from Symons et al. 2019, Oecologia"
2016,POM,10,NA,2897,-27.43,-1.38,"from Symons et al. 2019, Oecologia"
2016,POM,10,NA,2897,-27.43,-1.38,"from Symons et al. 2019, Oecologia"
2016,POM,10,NA,2897,-27.43,-1.38,"from Symons et al. 2019, Oecologia"
2016,POM,1,NA,3205,-27.33,0.05,"from Symons et al. 2019, Oecologia"
2016,POM,1,NA,3205,-27.33,0.05,"from Symons et al. 2019, Oecologia"
2016,POM,1,NA,3205,-27.33,0.05,"from Symons et al. 2019, Oecologia"
2016,POM,1,NA,3205,-27.33,0.05,"from Symons et al. 2019, Oecologia"
2016,POM,1,NA,3205,-27.33,0.05,"from Symons et al. 2019, Oecologia"
2016,POM,1,NA,3205,-27.33,0.05,"from Symons et al. 2019, Oecologia"
2016,POM,11,NA,3198,-19.74,0.78,"from Symons et al. 2019, Oecologia"
2016,POM,11,NA,3198,-19.74,0.78,"from Symons et al. 2019, Oecologia"
2016,POM,11,NA,3198,-19.74,0.78,"from Symons et al. 2019, Oecologia"
2016,POM,11,NA,3198,-19.74,0.78,"from Symons et al. 2019, Oecologia"
2016,POM,16,NA,2506,-28.91,-0.56,"from Symons et al. 2019, Oecologia"
2016,POM,20,NA,2801,-30.71,0.55,"from Symons et al. 2019, Oecologia"
2016,POM,20,NA,2801,-30.71,0.55,"from Symons et al. 2019, Oecologia"
2016,POM,20,NA,2801,-30.71,0.55,"from Symons et al. 2019, Oecologia"
2016,POM,21,NA,2882,-31.36,0.39,"from Symons et al. 2019, Oecologia"
2016,POM,21,NA,2882,-31.36,0.39,"from Symons et al. 2019, Oecologia"
2016,POM,21,NA,2882,-31.36,0.39,"from Symons et al. 2019, Oecologia"
2016,POM,21,NA,2882,-31.36,0.39,"from Symons et al. 2019, Oecologia"
2016,POM,21,NA,2882,-31.36,0.39,"from Symons et al. 2019, Oecologia"
2016,POM,22,NA,2882,-24.01,2.16,"from Symons et al. 2019, Oecologia"
2016,POM,17,NA,2924,-30.24,-0.83,"from Symons et al. 2019, Oecologia"
2016,POM,6,NA,3337,-29.17,0.22,"from Symons et al. 2019, Oecologia"
2016,POM,16,NA,2506,-28.91,-0.56,"from Symons et al. 2019, Oecologia"
2016,POM,21,NA,2882,-31.36,0.39,"from Symons et al. 2019, Oecologia"
2016,POM,21,NA,2882,-31.36,0.39,"from Symons et al. 2019, Oecologia"
2016,POM,21,NA,2882,-31.36,0.39,"from Symons et al. 2019, Oecologia"
2016,POM,21,NA,2882,-31.36,0.39,"from Symons et al. 2019, Oecologia"
2016,POM,21,NA,2882,-31.36,0.39,"from Symons et al. 2019, Oecologia"
2016,POM,20,NA,2801,-30.71,0.55,"from Symons et al. 2019, Oecologia"
2015,grass,1,NA,3205,-28.13,-2.77,"from Symons et al. 2019, Oecologia"
2015,grass,1,NA,3205,-28.13,-2.77,"from Symons et al. 2019, Oecologia"
2015,grass,2,NA,3151,-26.46,-0.11,"from Symons et al. 2019, Oecologia"
2015,grass,2,NA,3151,-26.46,-0.11,"from Symons et al. 2019, Oecologia"
2015,grass,3,NA,2774,-27.85,0.09,"from Symons et al. 2019, Oecologia"
2015,grass,3,NA,2774,-27.85,0.09,"from Symons et al. 2019, Oecologia"
2015,grass,3,NA,2774,-27.85,0.09,"from Symons et al. 2019, Oecologia"
2015,grass,3,NA,2774,-27.85,0.09,"from Symons et al. 2019, Oecologia"
2015,grass,4,NA,2814,-26.53,-1.11,"from Symons et al. 2019, Oecologia"
2015,grass,5,NA,2909,-27.12,-1.36,"from Symons et al. 2019, Oecologia"
2015,grass,6,NA,3337,-25.87,0.69,"from Symons et al. 2019, Oecologia"
2015,grass,6,NA,3337,-25.87,0.69,"from Symons et al. 2019, Oecologia"
2015,grass,7,NA,2512,-24.52,1.63,"from Symons et al. 2019, Oecologia"
2015,grass,7,NA,2512,-24.52,1.63,"from Symons et al. 2019, Oecologia"
2015,grass,7,NA,2512,-24.52,1.63,"from Symons et al. 2019, Oecologia"
2015,grass,8,NA,3187,-26.27,-0.6,"from Symons et al. 2019, Oecologia"
2015,grass,8,NA,3187,-26.27,-0.6,"from Symons et al. 2019, Oecologia"
2015,grass,8,NA,3187,-26.27,-0.6,"from Symons et al. 2019, Oecologia"
2015,grass,9,NA,3187,-26.53,3.63,"from Symons et al. 2019, Oecologia"
2015,grass,9,NA,3187,-26.53,3.63,"from Symons et al. 2019, Oecologia"
2015,grass,9,NA,3187,-26.53,3.63,"from Symons et al. 2019, Oecologia"
2015,grass,10,NA,2897,-27.79,-0.11,"from Symons et al. 2019, Oecologia"
2015,grass,11,NA,3198,-26.77,-0.96,"from Symons et al. 2019, Oecologia"
2015,grass,12,NA,3092,-26.2,3.26,"from Symons et al. 2019, Oecologia"
2015,grass,13,NA,3015,-28.21,-0.58,"from Symons et al. 2019, Oecologia"
2015,grass,14,NA,2993,-27.8,2.55,"from Symons et al. 2019, Oecologia"
2015,grass,15,NA,2826,-27.97,6.17,"from Symons et al. 2019, Oecologia"
2016,grass,16,NA,2506,-29.47,0.78,"from Symons et al. 2019, Oecologia"
2016,grass,17,NA,2924,-25.82,1.59,"from Symons et al. 2019, Oecologia"
2016,grass,2,NA,3151,-26.46,-0.11,"from Symons et al. 2019, Oecologia"
2016,grass,2,NA,3151,-26.46,-0.11,"from Symons et al. 2019, Oecologia"
2016,grass,2,NA,3151,-26.46,-0.11,"from Symons et al. 2019, Oecologia"
2016,grass,2,NA,3151,-26.46,-0.11,"from Symons et al. 2019, Oecologia"
2016,grass,2,NA,3151,-26.46,-0.11,"from Symons et al. 2019, Oecologia"
2016,grass,2,NA,3151,-26.46,-0.11,"from Symons et al. 2019, Oecologia"
2016,grass,2,NA,3151,-26.46,-0.11,"from Symons et al. 2019, Oecologia"
2016,grass,2,NA,3151,-26.46,-0.11,"from Symons et al. 2019, Oecologia"
2016,grass,2,NA,3151,-26.46,-0.11,"from Symons et al. 2019, Oecologia"
2016,grass,2,NA,3151,-26.46,-0.11,"from Symons et al. 2019, Oecologia"
2016,grass,18,NA,3167,-26.36,0.77,"from Symons et al. 2019, Oecologia"
2016,grass,18,NA,3167,-26.36,0.77,"from Symons et al. 2019, Oecologia"
2016,grass,18,NA,3167,-26.36,0.77,"from Symons et al. 2019, Oecologia"
2016,grass,18,NA,3167,-26.36,0.77,"from Symons et al. 2019, Oecologia"
2016,grass,18,NA,3167,-26.36,0.77,"from Symons et al. 2019, Oecologia"
2016,grass,12,NA,3092,-26.2,3.26,"from Symons et al. 2019, Oecologia"
2016,grass,12,NA,3092,-26.2,3.26,"from Symons et al. 2019, Oecologia"
2016,grass,12,NA,3092,-26.2,3.26,"from Symons et al. 2019, Oecologia"
2016,grass,12,NA,3092,-26.2,3.26,"from Symons et al. 2019, Oecologia"
2016,grass,12,NA,3092,-26.2,3.26,"from Symons et al. 2019, Oecologia"
2016,grass,12,NA,3092,-26.2,3.26,"from Symons et al. 2019, Oecologia"
2016,grass,12,NA,3092,-26.2,3.26,"from Symons et al. 2019, Oecologia"
2016,grass,19,NA,3147,-25.83,4.04,"from Symons et al. 2019, Oecologia"
2016,grass,19,NA,3147,-25.83,4.04,"from Symons et al. 2019, Oecologia"
2016,grass,19,NA,3147,-25.83,4.04,"from Symons et al. 2019, Oecologia"
2016,grass,19,NA,3147,-25.83,4.04,"from Symons et al. 2019, Oecologia"
2016,grass,19,NA,3147,-25.83,4.04,"from Symons et al. 2019, Oecologia"
2016,grass,10,NA,2897,-27.79,-0.11,"from Symons et al. 2019, Oecologia"
2016,grass,10,NA,2897,-27.79,-0.11,"from Symons et al. 2019, Oecologia"
2016,grass,10,NA,2897,-27.79,-0.11,"from Symons et al. 2019, Oecologia"
2016,grass,1,NA,3205,-28.13,-2.77,"from Symons et al. 2019, Oecologia"
2016,grass,1,NA,3205,-28.13,-2.77,"from Symons et al. 2019, Oecologia"
2016,grass,1,NA,3205,-28.13,-2.77,"from Symons et al. 2019, Oecologia"
2016,grass,1,NA,3205,-28.13,-2.77,"from Symons et al. 2019, Oecologia"
2016,grass,1,NA,3205,-28.13,-2.77,"from Symons et al. 2019, Oecologia"
2016,grass,1,NA,3205,-28.13,-2.77,"from Symons et al. 2019, Oecologia"
2016,grass,11,NA,3198,-26.77,-0.96,"from Symons et al. 2019, Oecologia"
2016,grass,11,NA,3198,-26.77,-0.96,"from Symons et al. 2019, Oecologia"
2016,grass,11,NA,3198,-26.77,-0.96,"from Symons et al. 2019, Oecologia"
2016,grass,11,NA,3198,-26.77,-0.96,"from Symons et al. 2019, Oecologia"
2016,grass,16,NA,2506,-29.47,0.78,"from Symons et al. 2019, Oecologia"
2016,grass,20,NA,2801,-27.83,1.39,"from Symons et al. 2019, Oecologia"
2016,grass,20,NA,2801,-27.83,1.39,"from Symons et al. 2019, Oecologia"
2016,grass,20,NA,2801,-27.83,1.39,"from Symons et al. 2019, Oecologia"
2016,grass,21,NA,2882,-26.58,1.59,"from Symons et al. 2019, Oecologia"
2016,grass,21,NA,2882,-26.58,1.59,"from Symons et al. 2019, Oecologia"
2016,grass,21,NA,2882,-26.58,1.59,"from Symons et al. 2019, Oecologia"
2016,grass,21,NA,2882,-26.58,1.59,"from Symons et al. 2019, Oecologia"
2016,grass,21,NA,2882,-26.58,1.59,"from Symons et al. 2019, Oecologia"
2016,grass,22,NA,2882,-25.53,0.06,"from Symons et al. 2019, Oecologia"
2016,grass,17,NA,2924,-25.82,1.59,"from Symons et al. 2019, Oecologia"
2016,grass,6,NA,3337,-25.87,0.69,"from Symons et al. 2019, Oecologia"
2016,grass,16,NA,2506,-29.47,0.78,"from Symons et al. 2019, Oecologia"
2016,grass,21,NA,2882,-26.58,1.59,"from Symons et al. 2019, Oecologia"
2016,grass,21,NA,2882,-26.58,1.59,"from Symons et al. 2019, Oecologia"
2016,grass,21,NA,2882,-26.58,1.59,"from Symons et al. 2019, Oecologia"
2016,grass,21,NA,2882,-26.58,1.59,"from Symons et al. 2019, Oecologia"
2016,grass,21,NA,2882,-26.58,1.59,"from Symons et al. 2019, Oecologia"
2016,grass,20,NA,2801,-27.83,1.39,"from Symons et al. 2019, Oecologia"
2015,pine,1,NA,3205,-26.9,-1.35,"from Symons et al. 2019, Oecologia"
2015,pine,1,NA,3205,-26.9,-1.35,"from Symons et al. 2019, Oecologia"
2015,pine,2,NA,3151,-26.9,-1.35,"from Symons et al. 2019, Oecologia"
2015,pine,2,NA,3151,-26.9,-1.35,"from Symons et al. 2019, Oecologia"
2015,pine,3,NA,2774,-24.92,-5.62,"from Symons et al. 2019, Oecologia"
2015,pine,3,NA,2774,-24.92,-5.62,"from Symons et al. 2019, Oecologia"
2015,pine,3,NA,2774,-24.92,-5.62,"from Symons et al. 2019, Oecologia"
2015,pine,3,NA,2774,-24.92,-5.62,"from Symons et al. 2019, Oecologia"
2015,pine,4,NA,2814,NA,NA,"from Symons et al. 2019, Oecologia"
2015,pine,5,NA,2909,-28.47,-0.31,"from Symons et al. 2019, Oecologia"
2015,pine,6,NA,3337,-26.9,-1.35,"from Symons et al. 2019, Oecologia"
2015,pine,6,NA,3337,-26.9,-1.35,"from Symons et al. 2019, Oecologia"
2015,pine,7,NA,2512,-26.88,-2.42,"from Symons et al. 2019, Oecologia"
2015,pine,7,NA,2512,-26.88,-2.42,"from Symons et al. 2019, Oecologia"
2015,pine,7,NA,2512,-26.88,-2.42,"from Symons et al. 2019, Oecologia"
2015,pine,8,NA,3187,-27.38,-1.74,"from Symons et al. 2019, Oecologia"
2015,pine,8,NA,3187,-27.38,-1.74,"from Symons et al. 2019, Oecologia"
2015,pine,8,NA,3187,-27.38,-1.74,"from Symons et al. 2019, Oecologia"
2015,pine,9,NA,3187,-26.88,-2.42,"from Symons et al. 2019, Oecologia"
2015,pine,9,NA,3187,-26.88,-2.42,"from Symons et al. 2019, Oecologia"
2015,pine,9,NA,3187,-26.88,-2.42,"from Symons et al. 2019, Oecologia"
2015,pine,10,NA,2897,-28.05,-4.72,"from Symons et al. 2019, Oecologia"
2015,pine,11,NA,3198,-27.36,-0.7,"from Symons et al. 2019, Oecologia"
2015,pine,12,NA,3092,-26.94,0.73,"from Symons et al. 2019, Oecologia"
2015,pine,13,NA,3015,-29.86,0.8,"from Symons et al. 2019, Oecologia"
2015,pine,14,NA,2993,-28.64,0.47,"from Symons et al. 2019, Oecologia"
2015,pine,15,NA,2826,-30.16,-2.92,"from Symons et al. 2019, Oecologia"
2016,pine,16,NA,2506,-29.81,-0.96,"from Symons et al. 2019, Oecologia"
2016,pine,17,NA,2924,-29.51,-2.86,"from Symons et al. 2019, Oecologia"
2016,pine,2,NA,3151,-26.9,-1.35,"from Symons et al. 2019, Oecologia"
2016,pine,2,NA,3151,-26.9,-1.35,"from Symons et al. 2019, Oecologia"
2016,pine,2,NA,3151,-26.9,-1.35,"from Symons et al. 2019, Oecologia"
2016,pine,2,NA,3151,-26.9,-1.35,"from Symons et al. 2019, Oecologia"
2016,pine,2,NA,3151,-26.9,-1.35,"from Symons et al. 2019, Oecologia"
2016,pine,2,NA,3151,-26.9,-1.35,"from Symons et al. 2019, Oecologia"
2016,pine,2,NA,3151,-26.9,-1.35,"from Symons et al. 2019, Oecologia"
2016,pine,2,NA,3151,-26.9,-1.35,"from Symons et al. 2019, Oecologia"
2016,pine,2,NA,3151,-26.9,-1.35,"from Symons et al. 2019, Oecologia"
2016,pine,2,NA,3151,-26.9,-1.35,"from Symons et al. 2019, Oecologia"
2016,pine,18,NA,3167,-26.9,-1.35,"from Symons et al. 2019, Oecologia"
2016,pine,18,NA,3167,-26.9,-1.35,"from Symons et al. 2019, Oecologia"
2016,pine,18,NA,3167,-26.9,-1.35,"from Symons et al. 2019, Oecologia"
2016,pine,18,NA,3167,-26.9,-1.35,"from Symons et al. 2019, Oecologia"
2016,pine,18,NA,3167,-26.9,-1.35,"from Symons et al. 2019, Oecologia"
2016,pine,12,NA,3092,-26.94,0.73,"from Symons et al. 2019, Oecologia"
2016,pine,12,NA,3092,-26.94,0.73,"from Symons et al. 2019, Oecologia"
2016,pine,12,NA,3092,-26.94,0.73,"from Symons et al. 2019, Oecologia"
2016,pine,12,NA,3092,-26.94,0.73,"from Symons et al. 2019, Oecologia"
2016,pine,12,NA,3092,-26.94,0.73,"from Symons et al. 2019, Oecologia"
2016,pine,12,NA,3092,-26.94,0.73,"from Symons et al. 2019, Oecologia"
2016,pine,12,NA,3092,-26.94,0.73,"from Symons et al. 2019, Oecologia"
2016,pine,19,NA,3147,-27.53,-2.01,"from Symons et al. 2019, Oecologia"
2016,pine,19,NA,3147,-27.53,-2.01,"from Symons et al. 2019, Oecologia"
2016,pine,19,NA,3147,-27.53,-2.01,"from Symons et al. 2019, Oecologia"
2016,pine,19,NA,3147,-27.53,-2.01,"from Symons et al. 2019, Oecologia"
2016,pine,19,NA,3147,-27.53,-2.01,"from Symons et al. 2019, Oecologia"
2016,pine,10,NA,2897,-28.05,-4.72,"from Symons et al. 2019, Oecologia"
2016,pine,10,NA,2897,-28.05,-4.72,"from Symons et al. 2019, Oecologia"
2016,pine,10,NA,2897,-28.05,-4.72,"from Symons et al. 2019, Oecologia"
2016,pine,1,NA,3205,-26.9,-1.35,"from Symons et al. 2019, Oecologia"
2016,pine,1,NA,3205,-26.9,-1.35,"from Symons et al. 2019, Oecologia"
2016,pine,1,NA,3205,-26.9,-1.35,"from Symons et al. 2019, Oecologia"
2016,pine,1,NA,3205,-26.9,-1.35,"from Symons et al. 2019, Oecologia"
2016,pine,1,NA,3205,-26.9,-1.35,"from Symons et al. 2019, Oecologia"
2016,pine,1,NA,3205,-26.9,-1.35,"from Symons et al. 2019, Oecologia"
2016,pine,11,NA,3198,-27.36,-0.7,"from Symons et al. 2019, Oecologia"
2016,pine,11,NA,3198,-27.36,-0.7,"from Symons et al. 2019, Oecologia"
2016,pine,11,NA,3198,-27.36,-0.7,"from Symons et al. 2019, Oecologia"
2016,pine,11,NA,3198,-27.36,-0.7,"from Symons et al. 2019, Oecologia"
2016,pine,16,NA,2506,-29.81,-0.96,"from Symons et al. 2019, Oecologia"
2016,pine,20,NA,2801,-26.33,-5.46,"from Symons et al. 2019, Oecologia"
2016,pine,20,NA,2801,-26.33,-5.46,"from Symons et al. 2019, Oecologia"
2016,pine,20,NA,2801,-26.33,-5.46,"from Symons et al. 2019, Oecologia"
2016,pine,21,NA,2882,NA,NA,"from Symons et al. 2019, Oecologia"
2016,pine,21,NA,2882,NA,NA,"from Symons et al. 2019, Oecologia"
2016,pine,21,NA,2882,NA,NA,"from Symons et al. 2019, Oecologia"
2016,pine,21,NA,2882,NA,NA,"from Symons et al. 2019, Oecologia"
2016,pine,21,NA,2882,NA,NA,"from Symons et al. 2019, Oecologia"
2016,pine,22,NA,2882,-26.59,-3.07,"from Symons et al. 2019, Oecologia"
2016,pine,17,NA,2924,-29.51,-2.86,"from Symons et al. 2019, Oecologia"
2016,pine,6,NA,3337,-26.9,-1.35,"from Symons et al. 2019, Oecologia"
2016,pine,16,NA,2506,-29.81,-0.96,"from Symons et al. 2019, Oecologia"
2016,pine,21,NA,2882,NA,NA,"from Symons et al. 2019, Oecologia"
2016,pine,21,NA,2882,NA,NA,"from Symons et al. 2019, Oecologia"
2016,pine,21,NA,2882,NA,NA,"from Symons et al. 2019, Oecologia"
2016,pine,21,NA,2882,NA,NA,"from Symons et al. 2019, Oecologia"
2016,pine,21,NA,2882,NA,NA,"from Symons et al. 2019, Oecologia"
2016,pine,20,NA,2801,-26.33,-5.46,"from Symons et al. 2019, Oecologia"
2017,zooplankton,NA,Steelhead,3137,-29.41,1.27,
2017,zooplankton,NA,Aster,2777,-31.60,2.46,*mean of 2 duplicates
2017,zooplankton,NA,Grant 1,2824,-30.59,3.12,*mean of 2 duplicates
2017,zooplankton,NA,Pear ,2920,-28.64,1.36,*mean of 2 duplicates
2017,zooplankton,NA,Mack ,3164,-27.03,2.81,
2017,zooplankton,NA,Blue,3054,-28.44,2.82,
2017,zooplankton,NA,Granite 1,3174,-28.75,1.72,
2017,zooplankton,NA,Sunrise 3,2884,-36.28,3.76,*mean of 2 duplicates
2017,zooplankton,NA,Gardisky,3206,-21.65,2.72,
2017,zooplankton,NA,Greenstone,3091,-24.92,1.96,
2017,zooplankton,NA,Elizabeth,2900,-31.03,3.18,
2017,zooplankton,NA,Mcleod,2832,-32.31,1.17,
2017,zooplankton,NA,Sunrise 1,2804,-36.31,3.22,
2017,zooplankton,NA,Crystal,2933,-29.05,1.53,
2017,zooplankton,NA,Cathedral 2,2928,-33.45,1.87,
2017,zooplankton,NA,Hamilton 1,2436,-29.18,1.68,
2017,zooplankton,NA,Grant 2,2884,-31.01,2.45,
2017,zooplankton,NA,Lukens,2513,-33.66,4.08,
2017,zooplankton,NA,Nine lakes 1(lower),3189,-26.83,-0.38,
2017,zooplankton,NA,Serene,3120,-27.11,4.41,
2017,zooplankton,NA,Cathedral 2.heterocope,2928,-34.83,2.98,
2017,zooplankton,NA,Grant 2.heterocope,2884,-35.65,3.91,
2017,zooplankton,NA,Little Steelhead,3137,-28.57,0.90,
2017,zooplankton,NA,Cathedral 1.heterocope,2838,-34.58,2.38,
2017,zooplankton,NA,Gaylor 1,3155,-34.76,2.77,
2014,zooplankton,NA,Sunrise1,2804,-26.82,5.76,